Order-Id,Item-id,Product-Id,Quantity,Sales-Id,Customer-Id,Sales-Price-Per-Prod,Market-Segment
0,0,1,2,8,15,208,software
1,1,9,22,5,13,62,education
2,2,2,8,0,17,211,retail
3,3,8,7,6,2,124,education
4,4,16,22,8,23,161,realestate
5,5,5,22,8,4,140,software
6,6,7,14,7,3,130,financial
7,7,12,23,9,19,101,pharmaceutical
8,8,5,28,2,8,105,pharmaceutical
9,9,4,13,2,24,145,pharmaceutical
10,10,5,21,4,16,122,financial
11,11,19,23,0,9,92,pharmaceutical
12,12,4,24,7,28,182,realestate
13,13,18,15,1,17,83,realestate
14,14,8,5,6,24,192,education
15,15,15,26,4,8,192,retail
16,16,3,24,8,11,172,education
17,17,14,17,5,19,197,realestate
18,18,7,2,5,26,146,software
19,19,8,27,8,29,190,software
20,20,2,5,1,23,209,realestate
21,21,1,18,2,27,235,realestate
22,22,17,0,9,27,185,realestate
23,23,2,2,5,25,217,software
24,24,17,2,9,16,202,retail
25,25,13,15,8,25,112,retail
26,26,2,21,7,8,209,financial
27,27,2,6,2,2,204,financial
28,28,17,26,7,21,194,pharmaceutical
29,29,3,12,5,1,211,financial
30,30,16,27,2,8,151,financial
31,31,15,21,5,14,209,software
32,32,3,29,5,6,193,education
33,33,8,24,1,17,145,software
34,34,3,24,4,7,170,financial
35,35,12,12,2,0,84,realestate
36,36,8,29,3,10,145,financial
37,37,13,26,9,22,102,software
38,38,10,19,7,10,120,education
39,39,19,1,0,25,112,pharmaceutical
40,40,9,22,3,28,96,education
41,41,1,28,5,12,214,realestate
42,42,8,26,6,1,146,realestate
43,43,5,26,8,17,124,financial
44,44,15,12,3,13,179,realestate
45,45,4,16,6,29,154,realestate
46,46,15,6,3,8,205,education
47,47,16,16,8,25,146,education
48,48,5,16,0,18,133,financial
49,49,18,18,7,6,82,financial
50,50,3,28,0,7,206,realestate
51,51,19,14,3,3,109,realestate
52,52,2,17,8,4,205,realestate
53,53,18,22,2,16,65,education
54,54,15,6,2,14,182,financial
55,55,9,27,6,11,102,realestate
56,56,6,4,5,4,85,software
57,57,15,21,8,4,196,pharmaceutical
58,58,17,4,8,27,187,pharmaceutical
59,59,2,10,1,23,215,software
60,60,16,23,8,6,158,financial
61,61,8,10,6,26,143,education
62,62,5,26,5,20,131,realestate
63,63,7,13,8,18,130,retail
64,64,17,21,2,1,202,financial
65,65,0,3,9,13,123,software
66,66,0,4,4,21,123,financial
67,67,7,28,9,1,154,pharmaceutical
68,68,17,28,8,6,197,pharmaceutical
69,69,15,10,6,27,198,education
70,70,2,10,8,14,206,realestate
71,71,7,28,2,25,142,realestate
72,72,15,16,7,7,202,education
73,73,8,19,7,7,167,retail
74,74,3,1,2,24,173,pharmaceutical
75,75,19,28,9,8,73,financial
76,76,15,7,7,12,220,software
77,77,5,2,6,0,124,financial
78,78,6,22,0,21,59,education
79,79,17,7,6,5,190,retail
80,80,5,12,1,7,126,pharmaceutical
81,81,14,11,0,4,188,software
82,82,17,25,1,29,191,pharmaceutical
83,83,11,27,4,25,137,education
84,84,8,21,1,3,119,realestate
85,85,16,7,3,2,158,retail
86,86,18,22,3,22,79,financial
87,87,4,19,0,27,193,retail
88,88,18,24,5,22,85,retail
89,89,12,7,5,6,99,retail
90,90,6,6,8,28,38,realestate
91,91,15,7,1,0,185,education
92,92,14,24,0,21,198,retail
93,93,7,13,9,8,135,retail
94,94,12,27,0,14,108,retail
95,95,16,14,4,8,147,pharmaceutical
96,96,16,18,3,11,151,pharmaceutical
97,97,8,6,1,26,116,retail
98,98,8,11,9,15,170,software
99,99,9,6,2,2,102,financial
100,100,2,22,1,21,213,retail
101,101,10,15,0,9,143,retail
102,102,14,2,4,27,185,pharmaceutical
103,103,1,22,7,29,194,financial
104,104,7,12,7,11,165,pharmaceutical
105,105,17,9,7,24,195,software
106,106,19,12,9,18,113,financial
107,107,1,29,0,22,196,realestate
108,108,2,8,3,12,199,education
109,109,11,3,8,27,101,pharmaceutical
110,110,3,5,9,11,176,financial
111,111,19,4,8,4,75,realestate
112,112,15,28,6,8,193,software
113,113,9,6,6,12,45,pharmaceutical
114,114,17,9,6,19,200,retail
115,115,4,25,4,15,145,education
116,116,10,6,5,0,139,software
117,117,11,6,7,27,101,financial
118,118,12,10,3,12,80,education
119,119,18,29,9,25,62,retail
120,120,14,4,4,24,189,education
121,121,18,13,8,10,82,realestate
122,122,10,10,6,27,107,retail
123,123,19,5,1,8,119,pharmaceutical
124,124,17,6,4,7,194,realestate
125,125,17,27,7,6,204,pharmaceutical
126,126,7,24,6,0,125,financial
127,127,17,15,7,11,188,financial
128,128,3,7,9,29,205,software
129,129,10,24,8,7,115,education
130,130,4,2,1,20,152,education
131,131,14,24,9,5,192,financial
132,132,12,23,5,17,104,retail
133,133,3,5,6,22,173,pharmaceutical
134,134,3,29,7,15,201,education
135,135,13,2,6,14,118,financial
136,136,8,23,4,5,139,pharmaceutical
137,137,4,19,7,20,194,realestate
138,138,19,10,5,19,106,retail
139,139,11,3,4,28,108,realestate
140,140,14,15,5,26,196,financial
141,141,10,12,6,16,102,pharmaceutical
142,142,1,6,7,17,205,education
143,143,4,23,6,26,177,realestate
144,144,4,21,5,20,140,retail
145,145,6,22,0,20,86,financial
146,146,10,11,5,9,124,software
147,147,10,16,0,17,142,financial
148,148,6,6,8,9,54,realestate
149,149,19,26,3,27,78,education
150,150,12,17,9,18,105,financial
151,151,12,13,6,20,99,realestate
152,152,5,18,7,17,135,financial
153,153,11,25,3,18,133,pharmaceutical
154,154,12,11,2,29,97,software
155,155,4,13,2,2,135,software
156,156,8,10,0,17,190,financial
157,157,1,9,3,16,198,education
158,158,13,25,6,0,87,financial
159,159,11,25,7,9,136,financial
160,160,7,18,8,12,146,retail
161,161,0,3,2,1,123,software
162,162,16,26,6,2,156,software
163,163,6,9,3,17,79,financial
164,164,0,7,4,2,119,education
165,165,15,25,7,1,204,financial
166,166,19,18,6,12,89,software
167,167,2,18,7,18,218,software
168,168,10,20,8,10,130,financial
169,169,0,1,3,0,123,pharmaceutical
170,170,0,26,8,15,120,retail
171,171,5,13,1,7,94,retail
172,172,8,5,4,26,115,retail
173,173,16,28,9,13,152,financial
174,174,8,18,7,10,120,financial
175,175,8,2,4,16,192,retail
176,176,3,6,5,5,182,education
177,177,2,19,9,15,209,pharmaceutical
178,178,13,0,0,7,86,software
179,179,5,18,6,11,98,retail
180,180,13,6,2,12,126,retail
181,181,1,11,0,29,216,retail
182,182,2,29,8,15,213,retail
183,183,5,16,2,0,111,software
184,184,4,16,7,19,158,realestate
185,185,19,16,0,21,91,pharmaceutical
186,186,9,26,7,21,55,financial
187,187,4,16,5,26,147,realestate
188,188,14,10,6,17,187,pharmaceutical
189,189,19,8,0,6,81,realestate
190,190,2,22,6,17,202,realestate
191,191,17,4,9,17,189,realestate
192,192,7,25,6,13,156,realestate
193,193,2,27,6,22,216,realestate
194,194,15,10,6,3,191,software
195,195,9,6,5,29,97,education
196,196,12,15,6,16,85,financial
197,197,11,7,4,17,132,retail
198,198,0,17,5,13,119,software
199,199,9,23,4,5,46,software
200,200,6,29,7,23,51,financial
201,201,6,17,9,14,54,retail
202,202,14,17,6,18,196,pharmaceutical
203,203,19,17,0,27,104,software
204,204,16,1,6,27,148,retail
205,205,3,21,9,17,201,financial
206,206,0,29,9,3,120,education
207,207,14,25,9,28,181,education
208,208,17,21,5,12,204,education
209,209,4,26,7,8,190,pharmaceutical
210,210,14,21,5,12,186,pharmaceutical
211,211,17,8,4,14,186,education
212,212,15,26,1,14,191,software
213,213,12,19,7,21,109,realestate
214,214,14,25,9,7,199,financial
215,215,2,11,7,27,213,financial
216,216,6,22,8,9,84,education
217,217,16,18,6,0,154,pharmaceutical
218,218,13,14,0,7,129,financial
219,219,17,3,4,15,191,realestate
220,220,13,24,4,4,131,financial
221,221,15,23,7,3,192,software
222,222,19,6,7,6,97,financial
223,223,8,14,5,2,154,software
224,224,3,21,8,23,210,realestate
225,225,6,27,4,7,63,pharmaceutical
226,226,10,11,7,4,88,education
227,227,7,2,3,7,158,pharmaceutical
228,228,13,15,9,20,121,realestate
229,229,18,16,6,18,96,realestate
230,230,4,5,5,9,150,financial
231,231,1,12,1,13,188,software
232,232,11,14,7,25,134,financial
233,233,18,25,3,11,65,education
234,234,5,26,9,1,118,pharmaceutical
235,235,17,0,2,29,189,financial
236,236,14,9,3,29,187,realestate
237,237,18,6,7,5,77,realestate
238,238,2,26,5,18,209,software
239,239,7,8,0,28,159,financial
240,240,17,22,4,29,195,financial
241,241,18,21,0,26,94,realestate
242,242,16,4,0,13,161,education
243,243,18,0,3,18,96,software
244,244,4,0,3,3,149,retail
245,245,1,2,8,22,188,financial
246,246,0,29,8,10,121,software
247,247,7,22,9,16,137,retail
248,248,7,3,9,11,159,education
249,249,16,17,2,20,162,pharmaceutical
250,250,19,22,9,21,87,pharmaceutical
251,251,9,3,1,3,59,software
252,252,7,1,0,12,148,software
253,253,14,11,0,20,180,retail
254,254,2,15,2,2,219,education
255,255,4,26,6,19,138,software
256,256,0,1,1,11,120,realestate
257,257,19,19,4,6,114,pharmaceutical
258,258,13,25,0,18,136,financial
259,259,5,18,5,3,133,financial
260,260,15,1,2,27,194,realestate
261,261,1,1,6,29,166,financial
262,262,17,27,1,3,189,education
263,263,7,12,6,3,133,financial
264,264,18,9,1,9,62,realestate
265,265,8,17,6,2,186,software
266,266,12,0,7,3,106,financial
267,267,3,0,3,10,205,pharmaceutical
268,268,9,11,6,20,79,financial
269,269,14,22,9,7,197,realestate
270,270,8,27,6,19,183,pharmaceutical
271,271,2,8,3,3,203,pharmaceutical
272,272,12,10,4,3,97,software
273,273,10,21,4,8,98,financial
274,274,16,11,6,2,154,pharmaceutical
275,275,9,1,8,2,50,retail
276,276,8,9,7,22,168,pharmaceutical
277,277,6,1,6,26,40,pharmaceutical
278,278,8,29,8,4,130,education
279,279,15,5,3,15,208,pharmaceutical
280,280,0,0,3,4,120,pharmaceutical
281,281,12,6,4,4,94,retail
282,282,16,18,7,12,152,financial
283,283,6,4,6,9,77,pharmaceutical
284,284,9,4,3,25,91,realestate
285,285,7,18,8,15,161,retail
286,286,5,18,1,23,107,pharmaceutical
287,287,12,26,6,12,100,pharmaceutical
288,288,1,22,5,21,161,financial
289,289,8,25,6,19,127,software
290,290,19,5,3,21,117,financial
291,291,5,8,6,24,134,pharmaceutical
292,292,17,9,5,13,184,realestate
293,293,7,8,7,10,137,retail
294,294,10,7,4,29,155,education
295,295,14,18,7,12,199,realestate
296,296,10,6,7,0,137,realestate
297,297,16,14,1,26,161,retail
298,298,8,3,0,14,155,retail
299,299,5,19,1,0,116,software
300,300,11,15,5,7,100,education
301,301,17,12,2,2,199,pharmaceutical
302,302,0,8,6,15,122,pharmaceutical
303,303,8,3,8,19,189,education
304,304,9,28,2,27,89,pharmaceutical
305,305,5,25,7,26,130,retail
306,306,18,5,9,17,86,education
307,307,0,2,1,0,122,realestate
308,308,11,27,4,11,128,software
309,309,5,6,7,11,128,financial
310,310,7,23,0,1,155,pharmaceutical
311,311,18,29,7,14,52,retail
312,312,16,27,0,8,155,financial
313,313,8,1,2,2,182,realestate
314,314,4,3,7,12,175,financial
315,315,6,3,1,10,80,retail
316,316,3,7,1,20,191,retail
317,317,14,19,3,27,181,education
318,318,7,28,6,25,136,retail
319,319,8,24,7,21,127,realestate
320,320,11,26,9,13,92,financial
321,321,10,13,6,2,101,retail
322,322,1,17,6,5,161,education
323,323,16,27,3,8,149,realestate
324,324,9,11,0,1,67,financial
325,325,4,2,5,3,132,retail
326,326,11,21,7,7,96,financial
327,327,11,10,1,13,115,education
328,328,7,21,9,10,125,financial
329,329,13,19,0,10,144,realestate
330,330,16,15,3,18,154,financial
331,331,11,20,7,20,138,financial
332,332,11,26,0,0,116,realestate
333,333,13,16,1,26,131,pharmaceutical
334,334,5,8,8,3,115,retail
335,335,0,19,2,6,122,retail
336,336,4,0,3,16,154,education
337,337,7,24,3,23,165,retail
338,338,9,15,1,8,44,pharmaceutical
339,339,0,9,1,19,122,education
340,340,1,1,2,24,227,education
341,341,13,9,2,20,142,financial
342,342,8,9,7,21,124,financial
343,343,17,8,1,0,202,education
344,344,12,16,5,16,82,software
345,345,4,13,2,5,131,education
346,346,2,15,7,19,199,software
347,347,0,6,2,18,120,retail
348,348,14,16,4,19,187,education
349,349,8,16,8,27,167,retail
350,350,19,27,4,5,85,software
351,351,2,14,8,14,216,pharmaceutical
352,352,5,13,6,18,94,education
353,353,9,15,2,7,92,financial
354,354,11,6,7,19,127,financial
355,355,18,8,0,3,57,pharmaceutical
356,356,18,11,2,1,73,retail
357,357,8,16,3,17,200,retail
358,358,9,17,6,23,96,retail
359,359,1,29,4,10,231,software
360,360,10,13,4,20,121,software
361,361,4,18,8,11,164,software
362,362,2,0,3,23,203,software
363,363,6,1,2,27,79,software
364,364,12,3,5,8,87,financial
365,365,9,14,3,4,52,education
366,366,3,3,1,16,193,software
367,367,7,0,1,11,156,financial
368,368,6,13,7,2,42,software
369,369,0,8,8,4,120,education
370,370,6,12,5,28,75,realestate
371,371,17,5,7,24,203,education
372,372,5,14,7,26,92,financial
373,373,11,27,4,8,107,retail
374,374,7,29,6,28,153,pharmaceutical
375,375,12,26,5,25,100,realestate
376,376,19,28,7,3,116,realestate
377,377,8,6,9,2,119,software
378,378,19,25,9,28,105,retail
379,379,7,29,8,10,122,realestate
380,380,8,5,1,7,118,pharmaceutical
381,381,12,12,5,9,89,pharmaceutical
382,382,0,14,5,8,123,education
383,383,11,12,2,26,126,realestate
384,384,16,18,5,28,158,software
385,385,16,15,8,17,151,software
386,386,8,8,4,14,157,software
387,387,12,6,2,22,92,retail
388,388,15,8,1,20,196,pharmaceutical
389,389,19,5,3,22,77,software
390,390,6,11,2,0,73,education
391,391,9,9,6,9,73,realestate
392,392,2,27,4,12,204,retail
393,393,13,5,8,14,94,realestate
394,394,11,10,5,16,130,financial
395,395,12,3,2,20,94,pharmaceutical
396,396,0,18,7,23,123,software
397,397,14,4,1,22,180,software
398,398,6,2,3,6,72,pharmaceutical
399,399,8,26,7,14,203,pharmaceutical
400,400,14,2,9,25,190,realestate
401,401,15,3,7,0,192,financial
402,402,17,7,6,28,183,retail
403,403,12,8,3,3,80,education
404,404,1,4,7,25,178,software
405,405,17,11,4,5,201,realestate
406,406,4,19,5,14,184,retail
407,407,2,7,3,7,205,financial
408,408,13,2,9,2,127,retail
409,409,15,2,5,10,219,education
410,410,19,13,1,20,101,financial
411,411,17,2,3,21,201,education
412,412,13,9,8,28,133,pharmaceutical
413,413,2,2,3,22,202,realestate
414,414,15,10,6,14,209,retail
415,415,13,22,3,26,123,software
416,416,10,6,7,5,150,education
417,417,4,17,7,24,182,education
418,418,13,4,8,20,107,financial
419,419,4,28,3,12,186,education
420,420,18,18,4,0,72,retail
421,421,14,18,2,16,183,financial
422,422,16,5,0,19,158,realestate
423,423,6,16,3,2,63,pharmaceutical
424,424,8,23,9,11,208,pharmaceutical
425,425,8,26,2,17,147,software
426,426,14,4,1,10,179,software
427,427,10,20,9,25,104,realestate
428,428,17,23,7,29,189,retail
429,429,7,25,8,27,139,realestate
430,430,18,17,1,29,79,pharmaceutical
431,431,8,6,0,7,148,realestate
432,432,9,27,4,0,43,realestate
433,433,18,6,5,14,77,realestate
434,434,5,10,2,8,99,software
435,435,3,14,3,25,210,pharmaceutical
436,436,7,1,0,4,121,retail
437,437,17,28,7,18,204,retail
438,438,3,21,9,3,204,software
439,439,4,23,7,23,184,education
440,440,19,3,9,8,108,realestate
441,441,2,7,7,14,201,retail
442,442,17,14,1,19,183,retail
443,443,17,1,6,10,189,retail
444,444,19,11,3,20,94,retail
445,445,14,6,2,16,198,pharmaceutical
446,446,1,17,8,17,192,pharmaceutical
447,447,12,28,5,1,96,software
448,448,2,28,6,10,212,software
449,449,18,18,1,9,51,financial
450,450,10,28,1,13,107,software
451,451,3,20,9,23,211,realestate
452,452,1,11,9,12,215,retail
453,453,12,9,2,3,110,pharmaceutical
454,454,10,25,0,21,116,retail
455,455,17,13,2,16,201,retail
456,456,19,1,3,21,100,realestate
457,457,16,29,7,23,161,retail
458,458,5,23,4,11,139,education
459,459,12,25,0,5,109,software
460,460,0,22,1,12,122,retail
461,461,4,21,3,26,143,education
462,462,4,10,0,28,143,software
463,463,19,0,8,11,103,pharmaceutical
464,464,14,10,0,20,180,education
465,465,7,13,4,19,167,education
466,466,19,23,6,12,93,education
467,467,8,16,2,19,170,education
468,468,13,9,1,24,132,retail
469,469,15,0,1,11,216,pharmaceutical
470,470,8,17,0,24,202,software
471,471,1,8,5,21,217,realestate
472,472,4,15,3,16,156,realestate
473,473,5,29,9,12,130,education
474,474,2,7,8,5,211,pharmaceutical
475,475,7,11,4,27,149,education
476,476,13,17,1,17,121,software
477,477,1,16,1,22,157,pharmaceutical
478,478,7,13,9,10,146,retail
479,479,19,27,5,23,93,pharmaceutical
480,480,1,22,2,5,212,education
481,481,4,19,7,25,194,retail
482,482,6,20,5,26,81,financial
483,483,18,11,0,18,60,education
484,484,14,12,0,10,193,retail
485,485,14,0,0,17,180,retail
486,486,4,22,7,27,152,retail
487,487,2,6,6,20,215,software
488,488,3,8,9,23,203,software
489,489,2,29,1,11,211,education
490,490,17,2,6,14,186,retail
491,491,3,15,4,17,175,financial
492,492,1,2,5,22,208,retail
493,493,9,12,7,11,54,education
494,494,14,21,9,17,182,retail
495,495,0,15,7,22,123,software
496,496,9,14,8,3,67,retail
497,497,19,4,9,7,97,realestate
498,498,7,25,2,13,148,education
499,499,17,15,3,16,187,education
500,500,1,27,4,9,174,realestate
501,501,5,20,6,7,115,software
502,502,16,8,6,13,160,pharmaceutical
503,503,6,21,7,7,41,education
504,504,5,20,2,13,95,software
505,505,19,5,0,15,97,realestate
506,506,14,17,8,18,192,software
507,507,19,8,5,11,85,realestate
508,508,14,5,4,11,190,education
509,509,2,24,2,21,206,pharmaceutical
510,510,19,14,8,26,89,realestate
511,511,15,29,1,9,179,retail
512,512,18,26,8,27,99,retail
513,513,18,11,5,19,101,education
514,514,18,21,0,7,72,financial
515,515,19,2,1,12,82,pharmaceutical
516,516,11,23,1,6,114,pharmaceutical
517,517,3,14,1,10,194,pharmaceutical
518,518,18,29,5,27,69,realestate
519,519,12,4,3,19,109,financial
520,520,17,13,8,1,197,pharmaceutical
521,521,14,18,8,21,180,software
522,522,9,24,3,21,45,pharmaceutical
523,523,17,10,8,27,184,retail
524,524,12,6,1,3,78,realestate
525,525,3,7,3,24,191,financial
526,526,14,10,5,1,188,pharmaceutical
527,527,19,28,9,12,84,retail
528,528,3,6,1,13,209,realestate
529,529,9,18,7,25,60,financial
530,530,16,21,0,22,161,education
531,531,15,17,2,20,190,education
532,532,16,24,3,23,160,financial
533,533,9,3,3,14,83,education
534,534,6,21,7,3,62,retail
535,535,6,22,3,8,72,pharmaceutical
536,536,5,17,7,2,135,pharmaceutical
537,537,2,10,0,4,217,retail
538,538,8,3,5,1,168,education
539,539,16,25,2,7,151,retail
540,540,16,26,0,8,147,retail
541,541,17,16,0,16,195,retail
542,542,3,16,9,29,189,realestate
543,543,3,18,8,6,170,financial
544,544,18,2,1,19,76,pharmaceutical
545,545,6,9,2,2,75,pharmaceutical
546,546,9,2,6,8,57,financial
547,547,16,8,5,25,151,realestate
548,548,13,18,4,14,126,retail
549,549,3,26,6,28,197,software
550,550,16,18,7,5,158,education
551,551,11,18,4,23,126,retail
552,552,16,15,7,19,159,education
553,553,4,8,2,4,190,realestate
554,554,18,24,5,22,61,financial
555,555,11,19,4,16,98,education
556,556,5,8,3,29,122,retail
557,557,9,13,7,4,85,pharmaceutical
558,558,7,15,5,7,150,financial
559,559,13,12,8,8,105,software
560,560,19,16,1,7,104,realestate
561,561,6,15,6,26,73,education
562,562,3,14,1,21,211,software
563,563,19,1,6,10,83,pharmaceutical
564,564,10,20,9,10,134,realestate
565,565,2,7,8,17,203,software
566,566,2,22,5,15,199,retail
567,567,14,11,1,14,194,education
568,568,0,5,1,22,120,pharmaceutical
569,569,16,26,9,18,146,pharmaceutical
570,570,17,4,5,21,184,financial
571,571,4,17,3,19,174,software
572,572,1,0,4,7,205,financial
573,573,15,7,8,1,178,financial
574,574,18,27,6,20,87,financial
575,575,16,23,9,24,152,financial
576,576,19,29,2,24,77,financial
577,577,2,7,4,28,203,financial
578,578,4,2,6,2,169,pharmaceutical
579,579,7,20,7,22,121,education
580,580,16,20,4,22,150,retail
581,581,10,21,1,10,99,education
582,582,7,10,3,13,134,software
583,583,0,24,3,2,119,realestate
584,584,1,16,0,24,208,financial
585,585,0,12,1,18,123,software
586,586,16,28,0,28,151,education
587,587,10,9,0,5,152,realestate
588,588,4,6,8,20,181,pharmaceutical
589,589,7,11,4,4,148,retail
590,590,1,24,4,9,212,financial
591,591,10,24,6,28,93,education
592,592,2,17,9,16,204,pharmaceutical
593,593,19,1,9,4,104,financial
594,594,7,26,5,16,131,pharmaceutical
595,595,8,20,6,15,131,education
596,596,7,19,4,4,135,education
597,597,8,19,7,3,204,retail
598,598,12,20,1,5,86,realestate
599,599,1,18,7,29,219,financial
600,600,15,8,9,23,200,retail
601,601,10,1,9,6,135,retail
602,602,4,3,9,16,174,financial
603,603,18,22,0,24,64,pharmaceutical
604,604,7,21,2,10,136,retail
605,605,15,12,5,3,180,retail
606,606,9,5,7,28,55,realestate
607,607,13,25,3,15,89,realestate
608,608,8,3,6,22,142,pharmaceutical
609,609,3,23,0,10,185,pharmaceutical
610,610,11,0,2,8,128,financial
611,611,2,15,8,4,206,education
612,612,8,18,2,8,155,financial
613,613,8,6,6,14,173,education
614,614,9,8,5,8,86,pharmaceutical
615,615,7,10,4,6,139,realestate
616,616,11,26,2,24,140,retail
617,617,1,16,4,5,201,realestate
618,618,14,21,8,21,178,software
619,619,16,15,9,22,156,education
620,620,13,11,2,1,105,pharmaceutical
621,621,13,15,8,26,95,pharmaceutical
622,622,1,12,2,16,179,financial
623,623,5,18,7,22,109,pharmaceutical
624,624,11,5,2,5,130,financial
625,625,6,4,2,24,49,pharmaceutical
626,626,5,6,2,7,105,financial
627,627,1,3,6,11,185,retail
628,628,15,2,7,29,211,realestate
629,629,16,24,3,12,147,education
630,630,12,10,1,15,100,software
631,631,12,5,0,17,99,realestate
632,632,17,7,5,22,195,education
633,633,12,19,2,14,86,software
634,634,19,19,5,24,82,software
635,635,10,29,1,3,102,financial
636,636,12,29,6,12,80,education
637,637,9,2,2,6,68,financial
638,638,10,17,8,27,100,education
639,639,15,12,5,17,193,pharmaceutical
640,640,10,20,9,15,112,education
641,641,13,25,6,11,135,retail
642,642,14,27,6,28,194,pharmaceutical
643,643,4,29,6,22,144,software
644,644,9,10,0,14,70,retail
645,645,6,11,9,14,76,retail
646,646,8,10,2,25,143,retail
647,647,11,21,6,15,96,education
648,648,7,20,2,5,166,pharmaceutical
649,649,4,18,9,18,145,retail
650,650,17,18,8,0,188,financial
651,651,3,22,2,14,194,education
652,652,16,12,9,28,157,realestate
653,653,8,6,0,7,187,realestate
654,654,5,29,2,20,140,realestate
655,655,11,21,5,18,129,retail
656,656,2,1,0,16,203,pharmaceutical
657,657,7,14,5,6,150,retail
658,658,13,24,0,29,123,software
659,659,12,9,8,25,88,software
660,660,18,13,2,21,52,realestate
661,661,9,13,2,18,57,financial
662,662,18,6,8,24,100,pharmaceutical
663,663,14,23,8,27,179,education
664,664,3,0,0,21,165,software
665,665,9,8,0,3,80,education
666,666,15,13,6,14,203,financial
667,667,16,7,4,18,154,realestate
668,668,9,28,9,13,70,software
669,669,5,27,6,18,123,realestate
670,670,14,6,8,0,199,realestate
671,671,2,5,2,26,202,software
672,672,8,26,2,0,178,realestate
673,673,19,5,3,22,71,education
674,674,12,6,0,20,95,education
675,675,8,7,2,9,156,retail
676,676,2,2,8,6,203,financial
677,677,3,10,0,23,185,retail
678,678,15,25,2,5,218,software
679,679,13,25,7,16,140,pharmaceutical
680,680,3,1,6,10,210,pharmaceutical
681,681,5,27,4,2,112,retail
682,682,9,6,4,7,70,education
683,683,13,5,7,16,112,software
684,684,12,1,8,12,102,education
685,685,15,19,0,3,205,retail
686,686,3,28,3,18,178,education
687,687,15,19,1,15,188,realestate
688,688,0,14,2,26,121,education
689,689,0,2,4,19,122,education
690,690,7,22,3,11,139,realestate
691,691,7,27,3,14,130,retail
692,692,7,18,1,24,125,software
693,693,3,24,3,2,201,software
694,694,3,1,9,7,206,financial
695,695,8,20,5,21,174,pharmaceutical
696,696,8,25,3,11,164,retail
697,697,18,19,7,19,97,financial
698,698,7,10,1,1,155,education
699,699,0,25,9,8,119,financial
700,700,6,0,3,29,45,software
701,701,8,18,2,11,185,software
702,702,18,4,5,5,53,realestate
703,703,1,10,5,13,170,financial
704,704,7,18,4,6,153,software
705,705,7,1,5,24,133,education
706,706,14,9,0,0,178,retail
707,707,4,28,4,23,192,education
708,708,13,11,2,20,134,education
709,709,0,14,2,15,123,software
710,710,14,9,8,28,182,pharmaceutical
711,711,12,16,4,8,90,software
712,712,10,27,0,18,99,retail
713,713,8,17,3,19,168,retail
714,714,9,21,4,12,95,education
715,715,16,25,8,16,147,realestate
716,716,19,10,1,15,111,pharmaceutical
717,717,14,2,5,17,197,software
718,718,9,19,6,27,44,pharmaceutical
719,719,13,0,5,29,99,retail
720,720,4,20,1,27,136,realestate
721,721,19,13,1,15,84,retail
722,722,14,9,8,23,199,software
723,723,16,5,6,20,157,realestate
724,724,16,8,2,8,160,pharmaceutical
725,725,11,13,7,22,119,financial
726,726,1,19,6,19,188,realestate
727,727,14,6,2,7,181,pharmaceutical
728,728,9,22,6,14,45,education
729,729,16,2,5,20,156,realestate
730,730,5,21,1,21,106,realestate
731,731,14,10,9,2,187,pharmaceutical
732,732,7,15,0,3,162,financial
733,733,5,12,1,11,132,realestate
734,734,1,20,8,10,163,retail
735,735,16,14,3,0,159,retail
736,736,14,20,7,23,178,education
737,737,11,9,8,21,124,pharmaceutical
738,738,7,26,6,11,166,financial
739,739,10,22,3,22,94,financial
740,740,4,12,4,26,175,financial
741,741,19,17,4,9,90,financial
742,742,1,24,0,24,213,education
743,743,9,22,5,10,87,software
744,744,1,8,3,24,177,software
745,745,0,14,3,2,119,retail
746,746,7,10,1,2,120,financial
747,747,14,10,7,19,196,retail
748,748,15,17,6,10,197,financial
749,749,18,12,8,27,90,software
750,750,17,27,5,13,186,retail
751,751,11,19,1,2,131,pharmaceutical
752,752,19,18,2,24,90,education
753,753,1,15,1,16,202,financial
754,754,3,13,2,11,180,education
755,755,10,20,7,2,104,realestate
756,756,3,2,9,20,203,financial
757,757,4,29,5,24,151,education
758,758,18,24,4,20,65,pharmaceutical
759,759,15,7,8,12,205,education
760,760,12,17,6,11,97,retail
761,761,8,20,0,12,153,retail
762,762,6,16,9,2,83,pharmaceutical
763,763,2,21,7,28,219,retail
764,764,0,1,1,29,122,education
765,765,0,8,6,1,121,education
766,766,3,8,6,13,169,software
767,767,4,15,5,22,189,financial
768,768,17,29,3,23,192,financial
769,769,12,20,8,22,104,realestate
770,770,4,18,7,12,161,software
771,771,8,15,4,1,167,software
772,772,5,7,1,15,94,retail
773,773,14,25,9,28,186,education
774,774,13,4,5,20,127,education
775,775,15,7,4,2,179,pharmaceutical
776,776,2,29,5,29,218,realestate
777,777,3,13,4,18,191,realestate
778,778,12,17,2,8,105,realestate
779,779,13,25,4,28,145,software
780,780,9,23,6,19,77,financial
781,781,6,12,0,14,40,education
782,782,2,12,7,22,199,education
783,783,18,25,0,19,75,retail
784,784,4,6,2,1,175,retail
785,785,6,2,7,5,86,realestate
786,786,9,28,1,26,61,pharmaceutical
787,787,8,21,9,11,183,realestate
788,788,10,22,1,6,124,realestate
789,789,14,6,3,24,179,pharmaceutical
790,790,13,28,3,16,111,retail
791,791,19,27,3,28,106,financial
792,792,8,2,4,8,140,software
793,793,17,7,0,23,199,pharmaceutical
794,794,14,8,9,4,181,education
795,795,4,25,2,11,150,retail
796,796,17,8,8,2,185,software
797,797,6,24,5,5,60,realestate
798,798,8,19,2,10,193,realestate
799,799,8,10,5,7,202,education
800,800,9,11,7,15,101,realestate
801,801,10,12,7,10,153,retail
802,802,9,26,7,9,71,pharmaceutical
803,803,17,2,1,19,192,financial
804,804,2,12,3,13,219,pharmaceutical
805,805,0,4,4,14,119,realestate
806,806,12,27,0,23,109,retail
807,807,15,5,2,12,197,retail
808,808,5,21,0,7,124,financial
809,809,11,22,8,12,91,education
810,810,19,7,1,4,75,retail
811,811,4,21,1,27,185,education
812,812,6,5,5,7,75,pharmaceutical
813,813,6,27,3,3,53,retail
814,814,4,7,8,9,150,retail
815,815,13,14,3,14,144,pharmaceutical
816,816,8,8,7,7,178,pharmaceutical
817,817,17,22,8,22,200,financial
818,818,1,29,2,16,172,realestate
819,819,0,17,5,5,123,pharmaceutical
820,820,15,16,7,9,220,education
821,821,17,24,6,0,197,realestate
822,822,6,21,9,24,48,realestate
823,823,3,23,5,17,193,realestate
824,824,14,27,4,25,196,retail
825,825,5,13,9,0,126,pharmaceutical
826,826,12,5,0,12,96,retail
827,827,13,16,0,24,134,retail
828,828,9,0,7,9,87,education
829,829,14,8,7,9,186,pharmaceutical
830,830,4,15,7,27,140,education
831,831,2,14,4,5,210,pharmaceutical
832,832,13,3,5,6,108,education
833,833,0,25,7,4,123,realestate
834,834,14,27,6,28,182,retail
835,835,9,17,9,23,90,retail
836,836,17,12,7,23,188,pharmaceutical
837,837,10,11,6,17,98,software
838,838,8,21,9,2,170,education
839,839,0,9,0,12,122,pharmaceutical
840,840,5,25,8,7,92,pharmaceutical
841,841,4,29,9,3,165,pharmaceutical
842,842,14,9,9,10,182,software
843,843,6,0,5,27,56,pharmaceutical
844,844,0,9,9,17,122,education
845,845,15,5,5,18,187,education
846,846,8,2,4,11,149,financial
847,847,18,11,8,3,84,education
848,848,18,5,1,21,90,software
849,849,16,21,3,28,160,realestate
850,850,19,29,1,7,71,retail
851,851,9,1,1,19,82,retail
852,852,15,9,5,7,196,retail
853,853,14,13,8,14,194,financial
854,854,9,5,3,21,49,financial
855,855,15,21,8,16,186,software
856,856,5,16,5,11,140,retail
857,857,14,14,2,11,194,pharmaceutical
858,858,13,16,2,21,91,retail
859,859,7,23,1,24,162,pharmaceutical
860,860,10,23,6,20,114,retail
861,861,0,28,2,17,119,realestate
862,862,12,25,1,1,80,pharmaceutical
863,863,3,3,4,11,170,retail
864,864,6,26,9,7,43,software
865,865,3,2,8,13,175,financial
866,866,6,9,4,10,80,pharmaceutical
867,867,4,3,2,12,177,software
868,868,16,13,7,15,156,financial
869,869,11,11,7,6,102,realestate
870,870,4,0,7,15,154,software
871,871,15,21,4,15,188,software
872,872,14,27,3,11,195,realestate
873,873,12,7,7,12,89,education
874,874,13,24,2,3,119,software
875,875,1,5,7,11,194,retail
876,876,8,19,1,11,119,realestate
877,877,11,5,5,27,129,software
878,878,4,12,3,26,194,retail
879,879,17,0,1,15,203,financial
880,880,2,0,3,8,214,financial
881,881,1,22,2,23,229,retail
882,882,3,19,5,22,196,retail
883,883,15,19,3,8,178,realestate
884,884,2,12,1,25,208,software
885,885,8,24,4,16,199,financial
886,886,15,2,4,27,216,software
887,887,14,19,9,23,182,software
888,888,6,27,4,4,83,financial
889,889,10,4,5,25,123,pharmaceutical
890,890,16,17,7,9,154,software
891,891,7,11,4,25,160,software
892,892,2,28,6,18,203,pharmaceutical
893,893,12,19,7,1,89,realestate
894,894,2,17,5,27,210,retail
895,895,5,11,1,17,92,pharmaceutical
896,896,3,24,5,18,175,pharmaceutical
897,897,11,4,7,13,93,retail
898,898,14,13,5,8,183,realestate
899,899,17,3,4,24,185,pharmaceutical
900,900,12,3,5,16,83,pharmaceutical
901,901,19,29,8,17,100,realestate
902,902,0,2,3,4,120,education
903,903,3,15,4,18,190,pharmaceutical
904,904,17,25,4,16,195,realestate
905,905,13,4,5,19,138,education
906,906,1,29,4,27,226,education
907,907,12,6,0,22,103,retail
908,908,2,18,7,27,211,software
909,909,12,27,8,19,98,education
910,910,14,1,2,17,184,realestate
911,911,7,2,6,14,157,retail
912,912,12,29,0,5,107,realestate
913,913,13,27,5,13,133,financial
914,914,0,24,8,18,120,software
915,915,10,24,2,4,112,realestate
916,916,12,5,1,15,104,retail
917,917,11,16,5,9,97,realestate
918,918,6,0,0,24,79,pharmaceutical
919,919,9,5,5,8,94,pharmaceutical
920,920,19,13,5,16,111,realestate
921,921,9,15,7,15,69,realestate
922,922,14,3,5,18,191,software
923,923,13,26,7,1,132,retail
924,924,3,21,1,24,201,financial
925,925,15,9,8,18,213,pharmaceutical
926,926,12,11,8,3,80,education
927,927,12,9,0,21,95,realestate
928,928,16,4,7,24,155,education
929,929,12,12,3,21,92,realestate
930,930,17,8,4,12,187,retail
931,931,18,24,3,12,67,pharmaceutical
932,932,5,17,5,6,123,pharmaceutical
933,933,14,29,3,18,193,financial
934,934,8,15,4,2,206,pharmaceutical
935,935,1,1,1,28,222,education
936,936,9,18,9,6,98,financial
937,937,13,10,3,19,117,software
938,938,2,4,0,1,204,software
939,939,14,5,2,12,191,realestate
940,940,9,21,3,9,75,software
941,941,10,26,9,6,104,education
942,942,5,17,9,9,103,education
943,943,7,21,6,6,159,software
944,944,2,19,1,19,212,pharmaceutical
945,945,8,26,2,12,139,software
946,946,18,24,9,1,81,pharmaceutical
947,947,2,15,7,20,204,realestate
948,948,9,16,7,19,87,retail
949,949,11,24,3,13,132,software
950,950,0,27,9,28,123,realestate
951,951,19,13,6,16,94,realestate
952,952,7,24,3,12,161,education
953,953,9,15,4,11,50,software
954,954,3,26,3,21,189,realestate
955,955,10,29,5,0,92,software
956,956,19,16,9,8,114,retail
957,957,12,8,8,6,92,retail
958,958,1,21,3,21,204,education
959,959,3,0,0,25,195,realestate
960,960,2,24,7,25,205,financial
961,961,14,26,0,14,193,software
962,962,12,21,1,26,107,retail
963,963,2,11,1,2,214,pharmaceutical
964,964,19,21,7,14,85,retail
965,965,1,4,7,5,161,realestate
966,966,16,17,7,6,158,realestate
967,967,9,21,7,19,84,pharmaceutical
968,968,19,19,6,12,94,realestate
969,969,5,2,4,27,110,education
970,970,12,14,6,23,97,financial
971,971,17,13,7,0,188,education
972,972,7,6,5,21,121,pharmaceutical
973,973,19,13,7,24,112,retail
974,974,1,24,7,0,236,retail
975,975,2,16,8,26,207,software
976,976,17,29,2,21,194,financial
977,977,1,20,3,7,159,retail
978,978,7,24,1,17,132,realestate
979,979,2,9,2,21,210,software
980,980,17,2,4,0,184,software
981,981,1,4,0,4,205,pharmaceutical
982,982,8,1,5,7,140,education
983,983,13,26,0,15,96,retail
984,984,19,17,9,25,114,financial
985,985,0,23,7,24,122,realestate
986,986,6,2,7,17,76,financial
987,987,16,28,9,25,162,financial
988,988,3,16,7,16,168,software
989,989,11,11,7,11,140,education
990,990,5,9,7,28,133,realestate
991,991,3,10,7,2,205,financial
992,992,16,6,3,22,154,software
993,993,4,13,9,29,157,financial
994,994,7,8,4,24,143,retail
995,995,13,14,8,5,135,financial
996,996,5,22,6,27,105,retail
997,997,11,19,0,22,123,realestate
998,998,13,26,0,14,86,software
999,999,1,8,3,9,174,financial
1000,1000,9,11,2,0,56,pharmaceutical
1001,1001,0,16,6,12,120,pharmaceutical
1002,1002,6,19,9,9,74,realestate
1003,1003,8,29,3,5,189,financial
1004,1004,11,25,0,25,114,pharmaceutical
1005,1005,17,8,8,7,184,retail
1006,1006,2,8,2,22,200,education
1007,1007,12,6,8,12,95,education
1008,1008,15,27,2,18,180,pharmaceutical
1009,1009,1,25,0,16,208,realestate
1010,1010,5,10,2,15,131,retail
1011,1011,0,1,6,5,119,realestate
1012,1012,12,27,6,12,85,education
1013,1013,16,11,7,24,160,financial
1014,1014,6,6,1,27,57,financial
1015,1015,14,5,2,23,183,software
1016,1016,2,17,1,1,201,financial
1017,1017,19,12,0,26,106,software
1018,1018,4,18,9,20,176,education
1019,1019,12,7,1,12,103,software
1020,1020,15,16,1,24,190,pharmaceutical
1021,1021,12,23,4,21,95,pharmaceutical
1022,1022,0,7,8,9,120,education
1023,1023,15,14,7,16,219,education
1024,1024,15,23,7,9,192,education
1025,1025,19,22,7,21,94,retail
1026,1026,13,13,7,27,128,education
1027,1027,19,26,1,18,88,retail
1028,1028,17,11,1,21,194,education
1029,1029,8,24,1,7,175,education
1030,1030,17,22,0,24,205,pharmaceutical
1031,1031,12,2,1,8,100,software
1032,1032,10,26,6,21,123,financial
1033,1033,9,22,6,3,95,education
1034,1034,1,4,4,24,165,realestate
1035,1035,7,23,7,25,147,financial
1036,1036,8,22,3,9,128,realestate
1037,1037,15,7,6,23,215,education
1038,1038,0,3,2,6,122,realestate
1039,1039,16,21,3,18,152,pharmaceutical
1040,1040,3,10,6,25,200,education
1041,1041,13,14,0,0,135,pharmaceutical
1042,1042,9,5,8,9,54,education
1043,1043,7,26,3,23,154,financial
1044,1044,14,17,4,22,186,financial
1045,1045,12,24,0,25,94,realestate
1046,1046,6,0,4,29,54,pharmaceutical
1047,1047,7,26,9,24,161,retail
1048,1048,5,24,2,24,112,software
1049,1049,18,24,8,7,74,pharmaceutical
1050,1050,1,22,3,24,210,financial
1051,1051,15,3,4,25,204,education
1052,1052,15,6,3,16,198,education
1053,1053,4,6,1,26,169,software
1054,1054,19,7,3,23,94,realestate
1055,1055,0,26,3,19,122,education
1056,1056,2,4,0,27,210,realestate
1057,1057,15,19,8,10,182,education
1058,1058,19,11,4,12,105,retail
1059,1059,4,8,9,5,179,retail
1060,1060,6,7,0,0,45,realestate
1061,1061,16,12,1,16,158,realestate
1062,1062,6,19,9,17,67,pharmaceutical
1063,1063,4,3,5,17,175,financial
1064,1064,8,6,4,19,158,retail
1065,1065,19,12,4,25,76,financial
1066,1066,17,16,2,18,198,pharmaceutical
1067,1067,10,1,2,21,92,software
1068,1068,12,22,1,9,79,education
1069,1069,6,16,4,8,77,education
1070,1070,4,29,2,23,194,software
1071,1071,10,3,5,26,117,financial
1072,1072,18,28,8,21,72,education
1073,1073,18,23,7,24,53,pharmaceutical
1074,1074,18,18,4,22,77,pharmaceutical
1075,1075,15,10,7,28,220,pharmaceutical
1076,1076,14,1,4,28,198,pharmaceutical
1077,1077,2,5,7,20,215,education
1078,1078,13,8,0,29,101,software
1079,1079,3,28,9,21,185,financial
1080,1080,3,2,7,15,189,realestate
1081,1081,13,3,0,21,100,pharmaceutical
1082,1082,5,18,9,11,118,education
1083,1083,7,1,8,21,146,education
1084,1084,11,24,0,3,124,financial
1085,1085,2,13,7,0,204,retail
1086,1086,8,21,1,28,204,financial
1087,1087,13,3,7,22,115,financial
1088,1088,13,26,4,18,116,software
1089,1089,4,29,3,3,190,software
1090,1090,17,27,8,17,184,realestate
1091,1091,4,16,4,14,133,retail
1092,1092,15,15,3,14,188,financial
1093,1093,4,14,1,6,157,software
1094,1094,15,10,3,12,200,realestate
1095,1095,10,15,2,6,130,education
1096,1096,3,15,5,19,190,software
1097,1097,7,9,8,20,128,education
1098,1098,1,4,8,4,193,financial
1099,1099,17,11,9,7,189,pharmaceutical
1100,1100,9,20,6,25,84,software
1101,1101,4,9,5,16,177,financial
1102,1102,12,25,0,23,98,realestate
1103,1103,3,7,8,21,190,education
1104,1104,11,21,3,21,98,realestate
1105,1105,7,8,6,11,134,education
1106,1106,13,18,6,15,133,software
1107,1107,12,14,4,27,99,retail
1108,1108,14,1,2,0,178,pharmaceutical
1109,1109,13,29,9,7,103,education
1110,1110,9,8,7,8,54,financial
1111,1111,11,26,2,1,105,pharmaceutical
1112,1112,4,20,9,16,178,software
1113,1113,8,4,0,6,171,pharmaceutical
1114,1114,7,3,4,26,160,realestate
1115,1115,1,3,8,1,160,financial
1116,1116,11,7,6,16,92,realestate
1117,1117,18,1,9,22,58,financial
1118,1118,5,3,1,16,102,software
1119,1119,7,23,9,11,160,software
1120,1120,13,19,1,26,128,financial
1121,1121,14,9,2,1,186,pharmaceutical
1122,1122,2,28,3,28,208,financial
1123,1123,15,19,8,19,181,education
1124,1124,10,6,6,27,133,realestate
1125,1125,11,22,0,25,124,financial
1126,1126,8,13,0,20,182,education
1127,1127,17,10,3,5,192,financial
1128,1128,19,22,0,26,108,financial
1129,1129,9,7,8,5,93,software
1130,1130,10,0,4,29,129,financial
1131,1131,12,1,3,16,82,realestate
1132,1132,8,20,5,0,142,pharmaceutical
1133,1133,11,6,0,6,123,financial
1134,1134,2,26,3,2,214,financial
1135,1135,15,19,3,17,219,pharmaceutical
1136,1136,19,7,2,3,105,financial
1137,1137,6,24,8,27,74,education
1138,1138,10,15,6,10,154,realestate
1139,1139,19,19,8,19,105,realestate
1140,1140,12,15,1,6,81,retail
1141,1141,17,29,0,14,190,software
1142,1142,4,15,1,13,174,financial
1143,1143,6,0,8,19,60,realestate
1144,1144,13,17,0,11,133,retail
1145,1145,6,6,4,9,56,pharmaceutical
1146,1146,15,8,7,28,208,realestate
1147,1147,6,1,4,10,41,retail
1148,1148,19,5,9,13,87,financial
1149,1149,1,15,2,20,188,realestate
1150,1150,1,15,8,2,192,financial
1151,1151,17,25,8,28,204,financial
1152,1152,17,17,2,8,205,financial
1153,1153,16,26,1,29,146,retail
1154,1154,11,3,9,4,105,software
1155,1155,9,5,9,24,73,pharmaceutical
1156,1156,5,24,3,21,114,financial
1157,1157,1,11,1,1,175,financial
1158,1158,17,21,4,29,202,software
1159,1159,17,2,6,25,203,pharmaceutical
1160,1160,9,10,1,11,55,education
1161,1161,1,12,0,29,204,retail
1162,1162,8,29,7,23,190,financial
1163,1163,19,17,6,29,98,realestate
1164,1164,6,4,3,23,79,realestate
1165,1165,11,27,1,0,102,retail
1166,1166,1,16,3,11,162,education
1167,1167,1,29,0,16,159,retail
1168,1168,17,20,6,2,205,education
1169,1169,1,25,7,13,221,education
1170,1170,16,26,8,15,149,realestate
1171,1171,14,18,7,16,196,financial
1172,1172,1,13,1,18,226,retail
1173,1173,7,10,3,7,127,retail
1174,1174,13,15,5,26,145,retail
1175,1175,17,7,6,23,201,pharmaceutical
1176,1176,9,19,3,5,48,financial
1177,1177,0,25,2,16,121,software
1178,1178,7,3,6,25,152,education
1179,1179,12,29,6,1,95,software
1180,1180,10,6,0,7,135,financial
1181,1181,18,12,7,8,66,realestate
1182,1182,12,22,2,7,106,realestate
1183,1183,8,4,9,14,134,realestate
1184,1184,18,18,4,5,67,pharmaceutical
1185,1185,7,12,1,24,148,pharmaceutical
1186,1186,16,22,2,8,150,pharmaceutical
1187,1187,2,10,3,0,203,software
1188,1188,17,25,9,20,190,realestate
1189,1189,11,8,7,7,133,education
1190,1190,7,26,8,5,130,realestate
1191,1191,3,20,5,4,197,education
1192,1192,1,10,7,21,220,retail
1193,1193,14,11,6,28,197,retail
1194,1194,10,0,9,10,99,software
1195,1195,2,0,8,9,205,financial
1196,1196,13,15,4,18,145,financial
1197,1197,18,4,5,16,77,pharmaceutical
1198,1198,5,0,9,7,115,realestate
1199,1199,2,23,9,23,210,education
1200,1200,9,26,3,18,101,retail
1201,1201,18,23,4,10,75,pharmaceutical
1202,1202,12,16,6,16,102,retail
1203,1203,10,26,7,10,95,realestate
1204,1204,9,29,0,13,60,education
1205,1205,9,26,2,15,52,software
1206,1206,8,17,2,12,190,pharmaceutical
1207,1207,11,4,1,13,129,education
1208,1208,1,21,5,14,220,education
1209,1209,14,2,2,22,197,financial
1210,1210,1,25,4,5,199,retail
1211,1211,13,16,2,4,110,financial
1212,1212,6,17,5,29,54,software
1213,1213,17,2,1,12,183,pharmaceutical
1214,1214,18,24,0,7,97,software
1215,1215,8,0,0,27,201,retail
1216,1216,19,16,9,16,110,financial
1217,1217,3,15,6,25,165,realestate
1218,1218,16,7,0,14,158,education
1219,1219,18,21,4,26,70,retail
1220,1220,6,18,8,13,62,software
1221,1221,0,2,1,18,121,education
1222,1222,4,3,2,29,168,software
1223,1223,19,16,3,12,77,realestate
1224,1224,13,3,5,19,113,pharmaceutical
1225,1225,1,6,2,22,165,software
1226,1226,5,16,2,2,111,software
1227,1227,9,17,5,3,105,financial
1228,1228,2,29,8,28,209,retail
1229,1229,2,13,5,9,219,realestate
1230,1230,14,25,6,15,197,pharmaceutical
1231,1231,17,3,3,18,190,financial
1232,1232,16,10,6,22,146,realestate
1233,1233,13,0,0,25,135,realestate
1234,1234,6,6,0,0,72,software
1235,1235,15,17,0,6,187,pharmaceutical
1236,1236,0,5,2,7,119,retail
1237,1237,9,29,2,28,103,software
1238,1238,1,23,6,12,231,pharmaceutical
1239,1239,5,19,1,17,115,software
1240,1240,11,18,2,23,138,education
1241,1241,3,12,8,28,184,software
1242,1242,6,6,9,17,62,realestate
1243,1243,7,29,3,17,166,education
1244,1244,9,23,2,9,63,pharmaceutical
1245,1245,7,28,5,12,141,financial
1246,1246,7,18,1,27,122,education
1247,1247,4,1,7,1,153,retail
1248,1248,4,29,8,12,179,retail
1249,1249,8,22,7,21,156,education
1250,1250,8,1,0,16,173,financial
1251,1251,6,13,3,1,49,education
1252,1252,12,26,1,3,105,realestate
1253,1253,0,25,8,16,119,education
1254,1254,6,22,5,12,80,financial
1255,1255,16,2,0,21,158,pharmaceutical
1256,1256,19,3,2,12,89,education
1257,1257,2,27,6,16,208,realestate
1258,1258,0,13,4,16,123,software
1259,1259,0,14,0,13,119,education
1260,1260,13,2,4,17,140,education
1261,1261,6,8,6,2,39,education
1262,1262,17,23,6,15,195,retail
1263,1263,14,19,7,6,191,financial
1264,1264,17,9,6,24,190,software
1265,1265,12,20,7,5,105,pharmaceutical
1266,1266,5,6,4,7,119,software
1267,1267,9,18,0,5,67,software
1268,1268,14,8,1,9,181,education
1269,1269,11,25,3,13,139,realestate
1270,1270,12,21,9,20,88,retail
1271,1271,3,8,2,18,208,retail
1272,1272,10,20,3,18,92,realestate
1273,1273,17,24,4,19,197,realestate
1274,1274,13,23,2,27,146,financial
1275,1275,0,28,4,9,121,realestate
1276,1276,0,6,7,10,120,financial
1277,1277,14,24,7,7,191,education
1278,1278,16,8,2,23,149,financial
1279,1279,0,14,1,11,120,financial
1280,1280,10,26,8,9,155,pharmaceutical
1281,1281,1,5,2,8,222,realestate
1282,1282,0,25,8,24,122,pharmaceutical
1283,1283,4,18,3,14,143,realestate
1284,1284,15,21,2,4,219,retail
1285,1285,0,17,9,0,123,financial
1286,1286,0,5,2,28,123,education
1287,1287,11,1,9,24,106,education
1288,1288,7,8,3,23,130,retail
1289,1289,9,7,2,18,88,education
1290,1290,8,27,1,3,137,education
1291,1291,15,20,2,14,200,pharmaceutical
1292,1292,13,23,3,18,101,realestate
1293,1293,6,7,2,21,78,retail
1294,1294,0,19,6,9,123,retail
1295,1295,15,1,7,13,213,software
1296,1296,12,11,9,11,109,realestate
1297,1297,9,10,5,7,78,realestate
1298,1298,18,18,9,7,56,financial
1299,1299,16,6,8,10,158,education
1300,1300,15,16,2,9,179,pharmaceutical
1301,1301,17,21,8,27,188,software
1302,1302,18,7,3,6,51,pharmaceutical
1303,1303,8,24,3,23,134,software
1304,1304,0,13,9,2,122,pharmaceutical
1305,1305,14,8,5,0,197,financial
1306,1306,15,25,9,3,207,realestate
1307,1307,3,29,8,4,217,financial
1308,1308,8,0,3,8,173,financial
1309,1309,8,3,6,23,166,financial
1310,1310,7,29,8,29,155,realestate
1311,1311,1,29,2,13,192,pharmaceutical
1312,1312,0,19,2,23,123,education
1313,1313,3,18,5,21,185,pharmaceutical
1314,1314,11,28,8,3,137,retail
1315,1315,13,24,8,5,132,education
1316,1316,3,23,1,25,188,retail
1317,1317,10,4,5,6,121,financial
1318,1318,10,10,4,19,145,realestate
1319,1319,11,20,8,0,138,realestate
1320,1320,16,14,2,25,146,financial
1321,1321,1,22,9,27,157,retail
1322,1322,5,9,8,11,92,software
1323,1323,14,14,0,5,179,software
1324,1324,8,29,4,1,206,realestate
1325,1325,11,22,9,5,133,software
1326,1326,17,23,7,6,184,pharmaceutical
1327,1327,18,20,1,29,54,software
1328,1328,2,8,2,19,218,education
1329,1329,1,11,2,14,159,pharmaceutical
1330,1330,17,27,3,8,200,education
1331,1331,17,10,8,16,197,pharmaceutical
1332,1332,19,17,8,19,84,education
1333,1333,9,9,8,4,77,realestate
1334,1334,13,26,9,21,113,financial
1335,1335,12,26,2,19,98,software
1336,1336,1,2,2,15,228,realestate
1337,1337,7,4,6,27,122,pharmaceutical
1338,1338,0,11,5,24,122,retail
1339,1339,7,1,2,16,145,retail
1340,1340,7,10,8,23,165,retail
1341,1341,1,4,8,0,181,retail
1342,1342,2,19,6,19,202,pharmaceutical
1343,1343,19,14,8,21,93,education
1344,1344,7,11,0,29,129,pharmaceutical
1345,1345,10,23,8,13,152,software
1346,1346,18,18,0,8,69,software
1347,1347,1,23,8,14,206,software
1348,1348,12,6,7,1,80,software
1349,1349,4,3,6,27,143,retail
1350,1350,8,7,8,23,113,realestate
1351,1351,17,23,3,8,183,financial
1352,1352,10,20,7,5,107,education
1353,1353,4,0,6,18,157,financial
1354,1354,19,24,7,10,115,realestate
1355,1355,1,28,2,16,189,financial
1356,1356,13,24,2,15,91,pharmaceutical
1357,1357,0,6,0,28,122,retail
1358,1358,3,11,6,19,201,financial
1359,1359,3,24,8,20,204,realestate
1360,1360,19,22,6,12,98,realestate
1361,1361,4,13,8,2,134,realestate
1362,1362,1,16,0,22,235,retail
1363,1363,6,11,7,21,53,software
1364,1364,14,20,9,26,182,financial
1365,1365,2,23,0,24,219,realestate
1366,1366,19,23,2,16,97,pharmaceutical
1367,1367,16,28,9,9,158,software
1368,1368,1,24,9,0,208,education
1369,1369,19,20,7,5,103,pharmaceutical
1370,1370,19,15,5,13,104,retail
1371,1371,6,24,2,9,45,pharmaceutical
1372,1372,2,12,4,5,214,pharmaceutical
1373,1373,7,21,8,12,133,realestate
1374,1374,0,19,9,25,120,education
1375,1375,5,19,8,3,119,education
1376,1376,10,17,6,10,95,financial
1377,1377,18,20,9,12,97,retail
1378,1378,5,28,4,29,103,education
1379,1379,5,0,4,17,128,retail
1380,1380,18,3,8,10,75,pharmaceutical
1381,1381,6,4,5,25,43,financial
1382,1382,18,14,0,22,60,financial
1383,1383,1,17,5,24,161,retail
1384,1384,2,25,1,0,203,pharmaceutical
1385,1385,4,4,5,25,146,financial
1386,1386,17,21,0,0,189,financial
1387,1387,12,24,6,23,83,pharmaceutical
1388,1388,7,2,2,22,162,software
1389,1389,9,3,8,14,95,education
1390,1390,18,12,4,15,86,software
1391,1391,15,3,1,18,198,software
1392,1392,14,11,7,11,183,education
1393,1393,6,12,7,10,43,pharmaceutical
1394,1394,3,9,7,23,203,education
1395,1395,12,17,2,5,85,financial
1396,1396,15,17,7,18,185,realestate
1397,1397,9,18,9,28,91,software
1398,1398,3,0,0,11,198,retail
1399,1399,16,23,6,20,154,retail
1400,1400,9,3,5,28,53,education
1401,1401,0,5,9,27,121,retail
1402,1402,13,2,0,16,120,pharmaceutical
1403,1403,7,18,1,10,131,pharmaceutical
1404,1404,13,15,2,4,93,education
1405,1405,8,29,1,9,154,realestate
1406,1406,9,16,5,11,43,realestate
1407,1407,3,20,1,4,186,pharmaceutical
1408,1408,10,17,4,21,133,pharmaceutical
1409,1409,7,0,5,17,160,education
1410,1410,3,6,0,4,172,software
1411,1411,19,10,3,22,91,education
1412,1412,8,27,0,15,129,education
1413,1413,2,13,4,25,217,retail
1414,1414,9,25,5,12,74,retail
1415,1415,13,24,2,4,103,education
1416,1416,15,22,3,22,199,realestate
1417,1417,18,10,5,27,63,realestate
1418,1418,12,21,8,18,101,retail
1419,1419,15,15,3,7,199,financial
1420,1420,16,0,1,20,151,software
1421,1421,11,9,8,10,127,pharmaceutical
1422,1422,6,2,2,10,46,software
1423,1423,17,1,6,4,193,pharmaceutical
1424,1424,19,15,5,29,77,software
1425,1425,2,14,3,21,203,pharmaceutical
1426,1426,14,0,7,6,179,pharmaceutical
1427,1427,12,7,5,9,107,software
1428,1428,12,10,6,8,85,financial
1429,1429,8,7,0,0,113,retail
1430,1430,1,29,7,2,190,software
1431,1431,7,5,9,17,139,retail
1432,1432,5,26,8,18,98,software
1433,1433,12,3,7,2,110,education
1434,1434,18,2,1,1,53,pharmaceutical
1435,1435,13,8,1,22,89,realestate
1436,1436,0,17,6,18,120,education
1437,1437,3,9,1,13,197,education
1438,1438,13,0,9,13,137,retail
1439,1439,14,27,7,4,183,software
1440,1440,17,8,9,6,205,realestate
1441,1441,0,18,6,1,119,financial
1442,1442,1,7,8,9,190,education
1443,1443,4,1,8,1,194,realestate
1444,1444,16,20,1,10,161,education
1445,1445,14,7,6,12,198,realestate
1446,1446,8,14,6,10,148,software
1447,1447,4,18,9,10,164,financial
1448,1448,18,7,4,12,95,software
1449,1449,1,2,7,13,201,retail
1450,1450,11,6,0,5,137,software
1451,1451,11,13,4,24,111,software
1452,1452,10,21,3,29,105,pharmaceutical
1453,1453,13,17,1,12,101,education
1454,1454,11,4,6,14,123,financial
1455,1455,10,26,9,0,93,realestate
1456,1456,6,15,7,9,52,realestate
1457,1457,14,23,3,15,181,education
1458,1458,16,20,4,1,154,software
1459,1459,0,20,8,6,119,retail
1460,1460,19,2,6,23,116,retail
1461,1461,17,4,0,24,192,education
1462,1462,5,17,8,2,112,pharmaceutical
1463,1463,10,12,6,25,157,education
1464,1464,12,1,9,21,101,software
1465,1465,4,26,1,23,163,retail
1466,1466,17,17,4,9,196,software
1467,1467,2,24,1,10,202,software
1468,1468,3,4,9,17,212,education
1469,1469,17,6,5,1,204,financial
1470,1470,9,21,8,5,49,retail
1471,1471,14,26,4,27,197,financial
1472,1472,2,14,9,0,219,software
1473,1473,2,10,1,7,205,pharmaceutical
1474,1474,3,25,7,23,179,software
1475,1475,9,27,9,8,99,pharmaceutical
1476,1476,12,8,0,5,85,financial
1477,1477,17,3,5,26,196,pharmaceutical
1478,1478,2,1,5,25,210,retail
1479,1479,16,17,3,7,161,realestate
1480,1480,18,16,5,2,96,software
1481,1481,19,18,5,16,112,education
1482,1482,7,12,4,17,147,education
1483,1483,18,12,8,22,56,retail
1484,1484,6,9,4,9,79,education
1485,1485,19,22,4,13,96,pharmaceutical
1486,1486,14,2,7,20,182,financial
1487,1487,13,13,6,15,107,software
1488,1488,0,8,3,24,119,financial
1489,1489,8,2,2,9,207,pharmaceutical
1490,1490,3,8,7,2,180,education
1491,1491,13,27,4,9,95,retail
1492,1492,2,22,0,15,219,realestate
1493,1493,0,22,4,26,119,software
1494,1494,12,15,7,10,94,software
1495,1495,0,9,5,9,122,education
1496,1496,14,17,3,8,184,realestate
1497,1497,16,17,2,22,147,realestate
1498,1498,19,10,6,26,116,realestate
1499,1499,1,29,6,18,217,financial
1500,1500,5,7,5,23,132,pharmaceutical
1501,1501,4,20,3,11,130,software
1502,1502,7,29,2,25,164,retail
1503,1503,10,12,3,0,99,realestate
1504,1504,6,19,9,15,60,software
1505,1505,13,16,0,14,109,realestate
1506,1506,8,15,7,5,110,pharmaceutical
1507,1507,8,9,6,10,154,pharmaceutical
1508,1508,1,16,3,6,218,software
1509,1509,11,18,6,27,138,realestate
1510,1510,17,6,5,25,183,pharmaceutical
1511,1511,9,4,4,2,60,pharmaceutical
1512,1512,16,19,4,13,158,software
1513,1513,18,1,2,1,72,pharmaceutical
1514,1514,4,6,9,25,140,education
1515,1515,13,8,3,3,133,retail
1516,1516,4,12,7,8,133,realestate
1517,1517,9,14,0,10,67,retail
1518,1518,5,22,2,29,135,retail
1519,1519,15,20,0,13,196,education
1520,1520,13,8,4,3,142,software
1521,1521,4,27,0,5,194,financial
1522,1522,15,29,6,2,187,realestate
1523,1523,0,25,8,9,121,realestate
1524,1524,11,22,8,15,136,pharmaceutical
1525,1525,7,0,1,10,144,financial
1526,1526,0,25,9,3,119,education
1527,1527,14,20,0,17,179,software
1528,1528,12,25,1,2,104,financial
1529,1529,12,24,8,12,108,financial
1530,1530,3,25,1,19,205,realestate
1531,1531,10,17,2,27,91,financial
1532,1532,16,8,0,8,154,pharmaceutical
1533,1533,10,16,5,23,156,pharmaceutical
1534,1534,1,4,8,14,190,retail
1535,1535,15,29,4,29,203,software
1536,1536,0,17,3,24,123,software
1537,1537,9,24,1,13,92,education
1538,1538,13,14,4,17,128,realestate
1539,1539,3,29,6,11,179,pharmaceutical
1540,1540,7,22,6,25,147,retail
1541,1541,5,6,8,20,133,financial
1542,1542,1,5,6,24,234,realestate
1543,1543,4,9,2,6,193,retail
1544,1544,2,28,4,23,199,retail
1545,1545,11,3,0,21,116,financial
1546,1546,13,7,9,15,100,education
1547,1547,1,2,3,7,159,education
1548,1548,12,9,4,20,89,financial
1549,1549,0,18,3,12,121,education
1550,1550,2,14,8,27,207,education
1551,1551,12,27,4,8,98,education
1552,1552,12,13,2,5,100,education
1553,1553,8,6,0,23,126,software
1554,1554,17,12,2,1,202,financial
1555,1555,15,4,8,24,217,education
1556,1556,11,20,2,20,97,retail
1557,1557,4,25,5,19,185,realestate
1558,1558,3,18,1,11,197,education
1559,1559,19,1,1,23,114,software
1560,1560,17,9,9,9,200,realestate
1561,1561,3,17,7,2,217,pharmaceutical
1562,1562,11,26,5,19,124,software
1563,1563,5,19,8,22,120,pharmaceutical
1564,1564,10,28,4,14,143,pharmaceutical
1565,1565,19,29,6,20,116,financial
1566,1566,2,28,3,6,216,financial
1567,1567,8,9,8,24,162,realestate
1568,1568,1,26,0,29,202,retail
1569,1569,5,22,5,1,134,retail
1570,1570,1,25,5,14,201,retail
1571,1571,4,24,0,29,148,education
1572,1572,7,18,0,10,134,retail
1573,1573,14,12,0,0,189,realestate
1574,1574,0,29,9,16,119,pharmaceutical
1575,1575,1,22,1,7,216,retail
1576,1576,19,1,8,23,90,retail
1577,1577,2,20,7,25,209,education
1578,1578,16,8,4,3,150,pharmaceutical
1579,1579,0,18,3,2,121,pharmaceutical
1580,1580,18,22,4,15,79,financial
1581,1581,2,17,1,0,203,pharmaceutical
1582,1582,4,28,2,6,154,pharmaceutical
1583,1583,11,20,6,15,116,retail
1584,1584,9,14,1,8,94,retail
1585,1585,10,26,2,20,135,retail
1586,1586,13,28,7,17,134,software
1587,1587,12,1,3,13,84,retail
1588,1588,2,21,9,12,217,financial
1589,1589,10,0,6,29,141,software
1590,1590,0,23,3,10,122,pharmaceutical
1591,1591,4,28,0,16,185,realestate
1592,1592,9,4,1,1,51,retail
1593,1593,10,23,3,11,89,pharmaceutical
1594,1594,17,4,6,10,185,education
1595,1595,1,16,3,13,185,software
1596,1596,9,12,9,7,83,pharmaceutical
1597,1597,13,5,3,17,104,realestate
1598,1598,10,7,0,8,107,education
1599,1599,18,19,5,22,71,software
1600,1600,7,0,1,21,134,pharmaceutical
1601,1601,14,23,8,4,184,pharmaceutical
1602,1602,10,11,4,6,138,realestate
1603,1603,13,1,4,13,125,software
1604,1604,19,15,9,27,112,pharmaceutical
1605,1605,14,17,3,9,198,education
1606,1606,7,5,6,23,137,retail
1607,1607,19,11,8,21,114,education
1608,1608,16,27,0,2,161,retail
1609,1609,2,29,1,9,217,retail
1610,1610,6,5,4,14,85,pharmaceutical
1611,1611,15,5,8,10,179,financial
1612,1612,2,7,7,19,203,pharmaceutical
1613,1613,18,22,7,24,95,retail
1614,1614,7,9,6,13,138,realestate
1615,1615,5,20,8,0,110,realestate
1616,1616,12,0,4,6,97,retail
1617,1617,4,11,0,29,144,financial
1618,1618,11,7,8,16,93,software
1619,1619,5,5,4,13,138,retail
1620,1620,0,2,5,25,123,realestate
1621,1621,6,5,7,25,86,pharmaceutical
1622,1622,11,10,6,11,94,pharmaceutical
1623,1623,4,15,7,26,145,pharmaceutical
1624,1624,1,18,8,15,188,retail
1625,1625,1,26,4,22,200,realestate
1626,1626,9,6,4,2,94,pharmaceutical
1627,1627,0,0,3,19,122,financial
1628,1628,7,22,0,25,136,financial
1629,1629,18,9,9,22,87,pharmaceutical
1630,1630,13,20,6,29,103,software
1631,1631,16,26,3,11,149,software
1632,1632,9,8,6,5,44,retail
1633,1633,16,4,9,15,156,retail
1634,1634,13,5,6,15,122,retail
1635,1635,0,26,7,14,121,financial
1636,1636,3,28,5,2,175,financial
1637,1637,2,7,4,16,206,software
1638,1638,19,29,3,17,76,software
1639,1639,14,10,7,22,193,pharmaceutical
1640,1640,11,20,7,23,102,education
1641,1641,5,6,0,24,106,education
1642,1642,6,19,0,28,67,financial
1643,1643,7,10,2,22,134,realestate
1644,1644,12,29,7,28,89,education
1645,1645,1,14,3,17,202,realestate
1646,1646,12,13,5,21,85,pharmaceutical
1647,1647,1,9,2,23,198,software
1648,1648,14,22,4,12,196,education
1649,1649,19,11,7,28,96,software
1650,1650,10,16,6,28,148,pharmaceutical
1651,1651,0,29,5,14,120,software
1652,1652,13,23,7,9,102,realestate
1653,1653,18,29,2,8,90,realestate
1654,1654,16,8,2,1,148,retail
1655,1655,8,25,1,28,113,financial
1656,1656,4,23,4,13,169,realestate
1657,1657,12,2,2,17,104,retail
1658,1658,4,28,4,21,130,financial
1659,1659,1,6,6,17,182,financial
1660,1660,17,22,1,8,195,financial
1661,1661,1,18,3,4,156,financial
1662,1662,11,20,0,21,107,financial
1663,1663,3,28,5,9,184,software
1664,1664,4,29,2,18,159,pharmaceutical
1665,1665,15,29,1,5,206,software
1666,1666,9,8,9,18,98,financial
1667,1667,19,28,9,7,100,software
1668,1668,9,13,4,19,59,pharmaceutical
1669,1669,9,29,0,29,67,financial
1670,1670,19,8,3,21,75,education
1671,1671,11,18,7,22,114,pharmaceutical
1672,1672,12,29,3,1,100,software
1673,1673,9,20,2,25,104,financial
1674,1674,18,26,8,16,89,realestate
1675,1675,6,24,5,15,52,education
1676,1676,0,25,1,27,122,realestate
1677,1677,17,11,8,23,200,education
1678,1678,9,11,6,24,69,retail
1679,1679,19,22,1,16,77,financial
1680,1680,11,16,9,16,121,retail
1681,1681,18,5,1,19,66,education
1682,1682,15,14,9,11,219,realestate
1683,1683,8,0,6,3,186,realestate
1684,1684,5,10,9,20,131,software
1685,1685,0,12,0,5,123,software
1686,1686,3,23,1,5,186,financial
1687,1687,3,17,2,16,168,realestate
1688,1688,7,28,9,9,127,education
1689,1689,6,24,9,5,81,realestate
1690,1690,14,12,4,28,194,pharmaceutical
1691,1691,16,16,5,27,153,software
1692,1692,15,8,1,14,214,retail
1693,1693,3,12,2,13,192,retail
1694,1694,13,25,5,26,97,software
1695,1695,11,10,4,17,118,education
1696,1696,15,20,6,1,213,education
1697,1697,7,7,8,9,165,realestate
1698,1698,8,15,7,3,111,financial
1699,1699,16,26,0,8,152,financial
1700,1700,8,6,1,2,183,software
1701,1701,3,2,0,5,177,realestate
1702,1702,15,20,8,20,219,pharmaceutical
1703,1703,14,21,9,28,188,pharmaceutical
1704,1704,6,17,7,19,73,education
1705,1705,19,23,3,13,96,retail
1706,1706,14,12,2,14,195,retail
1707,1707,14,29,6,12,179,realestate
1708,1708,5,3,5,26,112,financial
1709,1709,9,27,8,22,92,software
1710,1710,8,3,2,11,145,education
1711,1711,12,18,2,16,103,realestate
1712,1712,2,26,0,5,215,retail
1713,1713,16,17,7,8,148,software
1714,1714,9,2,9,7,49,pharmaceutical
1715,1715,4,9,0,25,151,financial
1716,1716,3,26,9,19,190,education
1717,1717,19,1,2,9,117,education
1718,1718,1,24,1,5,195,financial
1719,1719,2,3,8,16,203,retail
1720,1720,9,12,5,28,58,pharmaceutical
1721,1721,17,0,9,18,191,pharmaceutical
1722,1722,15,11,4,13,184,realestate
1723,1723,1,6,2,24,164,financial
1724,1724,17,19,4,18,191,software
1725,1725,6,20,9,29,67,education
1726,1726,6,4,7,7,38,retail
1727,1727,11,2,8,29,101,education
1728,1728,7,11,7,15,122,software
1729,1729,7,9,7,24,133,software
1730,1730,7,11,4,19,166,retail
1731,1731,9,9,6,23,52,software
1732,1732,8,10,9,25,151,realestate
1733,1733,12,27,3,12,87,retail
1734,1734,3,5,1,10,192,financial
1735,1735,18,15,4,15,76,financial
1736,1736,13,16,0,6,107,pharmaceutical
1737,1737,15,29,9,19,216,realestate
1738,1738,0,14,2,18,119,pharmaceutical
1739,1739,13,0,8,14,115,financial
1740,1740,5,13,1,4,117,pharmaceutical
1741,1741,13,11,4,18,88,retail
1742,1742,11,11,0,23,136,education
1743,1743,12,4,3,17,83,financial
1744,1744,11,21,2,9,91,pharmaceutical
1745,1745,4,21,9,18,179,retail
1746,1746,9,6,7,11,69,financial
1747,1747,14,2,2,0,183,financial
1748,1748,9,29,7,7,44,retail
1749,1749,8,25,2,2,152,software
1750,1750,8,13,2,17,145,pharmaceutical
1751,1751,13,22,8,27,89,retail
1752,1752,6,19,0,22,82,software
1753,1753,15,24,0,22,195,retail
1754,1754,6,15,8,2,44,pharmaceutical
1755,1755,16,4,2,29,159,software
1756,1756,3,0,6,8,173,software
1757,1757,4,27,9,9,192,retail
1758,1758,9,6,7,19,84,financial
1759,1759,7,15,1,11,124,education
1760,1760,11,6,9,29,114,financial
1761,1761,16,18,5,10,161,software
1762,1762,5,8,9,20,137,software
1763,1763,1,26,7,8,207,software
1764,1764,0,14,9,22,123,pharmaceutical
1765,1765,13,14,8,15,145,education
1766,1766,19,29,8,1,84,pharmaceutical
1767,1767,0,28,3,14,119,financial
1768,1768,14,25,0,13,198,realestate
1769,1769,8,12,6,19,185,software
1770,1770,2,4,6,25,204,realestate
1771,1771,17,23,1,17,194,financial
1772,1772,14,29,9,27,189,education
1773,1773,2,20,4,0,218,retail
1774,1774,4,0,3,20,172,software
1775,1775,18,7,7,21,57,financial
1776,1776,11,14,7,19,119,financial
1777,1777,3,20,3,6,167,education
1778,1778,19,18,4,14,110,pharmaceutical
1779,1779,16,20,8,23,150,realestate
1780,1780,17,7,7,2,193,realestate
1781,1781,2,26,3,1,219,retail
1782,1782,2,3,5,7,210,education
1783,1783,19,12,9,4,84,retail
1784,1784,19,16,8,0,85,financial
1785,1785,5,16,6,23,121,software
1786,1786,0,4,2,25,122,software
1787,1787,9,10,4,20,101,retail
1788,1788,1,23,8,9,195,retail
1789,1789,13,25,3,19,135,software
1790,1790,12,7,4,10,102,education
1791,1791,12,11,8,2,92,software
1792,1792,19,7,7,2,105,financial
1793,1793,10,0,4,20,104,financial
1794,1794,16,27,2,28,152,education
1795,1795,7,3,3,8,133,education
1796,1796,14,0,5,29,188,software
1797,1797,5,24,2,5,122,realestate
1798,1798,19,23,0,16,75,retail
1799,1799,19,20,3,15,81,education
1800,1800,0,12,3,15,122,software
1801,1801,19,28,6,18,90,pharmaceutical
1802,1802,13,18,3,4,142,retail
1803,1803,12,20,2,1,104,retail
1804,1804,13,2,7,8,119,financial
1805,1805,7,5,7,22,157,retail
1806,1806,18,2,5,8,83,financial
1807,1807,15,3,0,17,190,realestate
1808,1808,17,25,2,17,190,education
1809,1809,1,24,7,4,222,software
1810,1810,19,5,4,25,118,software
1811,1811,16,10,1,29,151,software
1812,1812,1,23,0,23,230,software
1813,1813,13,15,9,16,133,realestate
1814,1814,14,10,0,4,190,education
1815,1815,4,16,9,14,161,realestate
1816,1816,8,16,3,29,166,software
1817,1817,10,23,5,21,152,software
1818,1818,0,15,9,14,123,education
1819,1819,5,5,2,4,125,pharmaceutical
1820,1820,19,0,4,20,81,software
1821,1821,15,23,8,4,190,retail
1822,1822,6,24,7,21,43,realestate
1823,1823,6,7,9,22,50,education
1824,1824,12,15,2,13,95,education
1825,1825,9,5,0,17,56,realestate
1826,1826,5,6,8,16,118,retail
1827,1827,1,27,5,13,182,retail
1828,1828,4,8,1,26,140,realestate
1829,1829,8,5,6,18,142,realestate
1830,1830,12,5,6,24,84,pharmaceutical
1831,1831,12,19,0,24,90,education
1832,1832,7,23,7,15,139,financial
1833,1833,0,8,7,23,119,financial
1834,1834,4,3,1,5,162,education
1835,1835,0,24,2,24,122,financial
1836,1836,6,9,2,11,73,software
1837,1837,4,17,4,12,188,realestate
1838,1838,17,6,3,22,200,software
1839,1839,10,23,0,11,124,financial
1840,1840,1,27,4,6,210,retail
1841,1841,5,9,1,18,121,software
1842,1842,12,14,2,3,78,retail
1843,1843,17,15,8,14,195,software
1844,1844,19,0,5,23,106,software
1845,1845,17,1,9,23,199,realestate
1846,1846,8,18,2,29,187,software
1847,1847,13,2,8,18,112,pharmaceutical
1848,1848,7,3,7,18,150,realestate
1849,1849,0,1,1,11,120,financial
1850,1850,12,2,3,1,107,realestate
1851,1851,10,9,9,14,109,software
1852,1852,5,4,0,25,123,retail
1853,1853,12,24,5,23,109,realestate
1854,1854,12,3,1,1,99,realestate
1855,1855,8,16,6,29,170,education
1856,1856,9,25,2,10,61,retail
1857,1857,17,11,9,12,192,financial
1858,1858,3,4,5,17,183,retail
1859,1859,14,24,8,0,193,software
1860,1860,19,17,9,22,89,financial
1861,1861,15,20,7,12,195,retail
1862,1862,12,16,0,16,87,education
1863,1863,2,24,4,3,211,education
1864,1864,8,6,6,24,137,realestate
1865,1865,11,16,7,7,135,realestate
1866,1866,0,14,2,24,123,retail
1867,1867,0,20,9,11,123,financial
1868,1868,18,18,5,25,60,retail
1869,1869,5,8,6,2,109,financial
1870,1870,14,11,4,1,182,software
1871,1871,4,25,2,27,184,financial
1872,1872,16,28,2,29,155,realestate
1873,1873,13,28,3,2,102,education
1874,1874,3,20,5,13,210,financial
1875,1875,7,20,1,23,165,software
1876,1876,4,20,0,0,161,retail
1877,1877,15,23,6,5,180,retail
1878,1878,17,21,0,27,202,realestate
1879,1879,18,19,8,5,102,education
1880,1880,10,10,6,1,106,education
1881,1881,9,18,2,17,93,software
1882,1882,5,8,0,1,111,software
1883,1883,5,13,7,9,116,financial
1884,1884,10,3,8,17,147,financial
1885,1885,15,12,2,13,186,education
1886,1886,8,18,4,6,197,realestate
1887,1887,2,20,4,16,207,retail
1888,1888,15,0,0,27,208,pharmaceutical
1889,1889,1,7,1,28,168,education
1890,1890,0,1,3,23,121,software
1891,1891,2,0,9,11,209,pharmaceutical
1892,1892,3,19,8,17,178,pharmaceutical
1893,1893,12,0,7,28,100,software
1894,1894,1,12,1,16,217,education
1895,1895,14,29,4,7,195,software
1896,1896,2,29,2,2,208,software
1897,1897,8,23,5,11,143,software
1898,1898,0,18,6,16,122,software
1899,1899,3,0,3,26,172,financial
1900,1900,3,5,6,13,175,education
1901,1901,7,25,8,22,156,retail
1902,1902,11,21,5,25,139,pharmaceutical
1903,1903,5,23,8,6,107,education
1904,1904,9,24,7,13,93,realestate
1905,1905,7,13,9,1,120,realestate
1906,1906,19,2,7,23,87,education
1907,1907,18,21,6,23,90,software
1908,1908,12,15,3,17,99,financial
1909,1909,14,15,1,0,181,realestate
1910,1910,3,25,1,15,177,financial
1911,1911,14,24,6,18,183,education
1912,1912,13,3,2,8,131,software
1913,1913,6,1,1,24,66,realestate
1914,1914,14,7,4,28,183,realestate
1915,1915,2,4,5,13,214,software
1916,1916,16,1,7,7,151,realestate
1917,1917,12,2,6,5,84,pharmaceutical
1918,1918,12,21,1,12,105,software
1919,1919,13,7,6,29,114,software
1920,1920,17,5,1,9,204,realestate
1921,1921,14,9,9,25,184,software
1922,1922,13,24,1,8,98,realestate
1923,1923,9,10,4,21,66,pharmaceutical
1924,1924,8,18,9,0,186,education
1925,1925,13,7,9,6,105,pharmaceutical
1926,1926,10,23,6,18,112,retail
1927,1927,12,14,3,9,93,education
1928,1928,10,6,3,2,114,financial
1929,1929,18,25,7,11,75,retail
1930,1930,6,28,1,27,46,education
1931,1931,19,25,7,11,118,retail
1932,1932,2,29,5,29,218,education
1933,1933,17,15,7,25,197,pharmaceutical
1934,1934,14,25,1,21,199,education
1935,1935,3,23,3,6,176,financial
1936,1936,9,27,9,3,89,financial
1937,1937,12,26,1,8,95,software
1938,1938,1,25,5,10,217,realestate
1939,1939,1,1,2,10,155,financial
1940,1940,0,14,2,24,122,realestate
1941,1941,14,2,9,17,180,realestate
1942,1942,4,4,0,15,157,realestate
1943,1943,2,13,1,17,199,pharmaceutical
1944,1944,11,24,5,28,94,realestate
1945,1945,3,0,4,1,197,retail
1946,1946,17,12,1,20,194,education
1947,1947,1,5,4,10,162,retail
1948,1948,9,11,3,27,46,pharmaceutical
1949,1949,8,5,9,7,178,retail
1950,1950,14,26,9,22,198,realestate
1951,1951,9,8,6,2,82,pharmaceutical
1952,1952,11,22,5,0,132,financial
1953,1953,0,3,4,18,121,education
1954,1954,9,13,5,19,45,education
1955,1955,15,7,9,17,196,software
1956,1956,14,1,7,18,193,financial
1957,1957,14,7,4,28,180,education
1958,1958,15,28,6,7,184,education
1959,1959,7,21,3,6,151,retail
1960,1960,11,14,9,0,130,education
1961,1961,14,26,4,4,181,realestate
1962,1962,16,16,5,28,147,realestate
1963,1963,15,0,2,3,185,education
1964,1964,2,2,8,23,214,realestate
1965,1965,15,18,0,8,208,realestate
1966,1966,2,26,4,4,206,retail
1967,1967,5,4,3,9,125,software
1968,1968,7,3,2,26,119,realestate
1969,1969,16,22,6,23,158,financial
1970,1970,17,6,3,10,191,education
1971,1971,2,13,4,15,213,retail
1972,1972,5,19,7,29,130,retail
1973,1973,7,15,3,3,151,education
1974,1974,14,8,9,27,181,education
1975,1975,13,14,3,0,88,realestate
1976,1976,4,25,3,4,189,financial
1977,1977,11,23,6,12,135,financial
1978,1978,3,25,4,23,197,education
1979,1979,19,5,6,22,84,financial
1980,1980,6,22,8,17,50,education
1981,1981,14,24,5,28,196,retail
1982,1982,16,25,5,13,159,education
1983,1983,5,16,0,9,116,education
1984,1984,6,11,7,8,75,pharmaceutical
1985,1985,14,26,6,22,195,pharmaceutical
1986,1986,17,17,7,24,183,education
1987,1987,11,13,9,17,137,realestate
1988,1988,13,17,4,3,135,financial
1989,1989,5,26,3,8,92,pharmaceutical
1990,1990,17,27,4,12,186,realestate
1991,1991,3,26,4,4,207,software
1992,1992,10,18,2,11,127,pharmaceutical
1993,1993,8,9,2,25,110,financial
1994,1994,10,26,6,5,118,pharmaceutical
1995,1995,7,20,2,19,146,software
1996,1996,1,0,3,27,170,pharmaceutical
1997,1997,6,11,0,3,86,retail
1998,1998,19,20,9,10,78,financial
1999,1999,17,4,0,20,201,software
